script_version,episode_in_version,score,speed_at_end,outcome,killer,group_size,dino_height_at_crash_px,posted_to_leaderboard
v7-persist,1,1477,13,crash,CACTUS_LARGE,3,41,
v7-persist,2,848,13,crash,CACTUS_LARGE,2,2,
v7-persist,3,704,12.19,crash,PTERODACTYL,1,0,
v7-persist,4,2361,13,crash,CACTUS_LARGE,3,11,
v7-persist,5,759,12.55,crash,PTERODACTYL,1,0,
v7-persist,6,512,10.86,crash,PTERODACTYL,1,29,
v7-persist,7,850,13,crash,PTERODACTYL,1,21,
v7-persist,8,2314,13,crash,PTERODACTYL,1,0,
v7-persist,9,43,5.56,crash,CACTUS_LARGE,1,0,
v7-persist,10,396,9.97,crash,PTERODACTYL,1,4,
v8-duck-once,1,2746,13,crash,PTERODACTYL,1,0,
v8-duck-once,2,1583,13,crash,PTERODACTYL,1,0,
v8-duck-once,3,2764,13,crash,PTERODACTYL,1,0,
v8-duck-once,4,3678,13,crash,CACTUS_LARGE,1,4,
v8-duck-once,5,9559,13,crash,PTERODACTYL,1,0,yes
v8-duck-once,6,2348,13,crash,CACTUS_LARGE,3,15,
v8-duck-once,7,5245,13,crash,CACTUS_LARGE,3,40,
v8-duck-once,8,6457,13,crash,PTERODACTYL,1,0,
v8-duck-once,9,7634,13,crash,PTERODACTYL,1,0,
v8-duck-once,10,1076,13,crash,PTERODACTYL,1,0,
v8-duck-once,11,113,7.36,crash,CACTUS_LARGE,3,81,
v8-duck-once,12,507,10.82,crash,CACTUS_SMALL,2,85,
v9-clean-landing,1,1029,13,crash,CACTUS_LARGE,3,10,
v9-clean-landing,2,1547,13,crash,CACTUS_LARGE,3,26,
v9-clean-landing,3,1651,13,crash,CACTUS_LARGE,3,30,
v9-clean-landing,4,1745,13,crash,CACTUS_LARGE,2,40,
v9-clean-landing,5,763,12.58,crash,PTERODACTYL,1,0,
v9-clean-landing,6,2872,13,crash,CACTUS_LARGE,2,40,
v9-clean-landing,7,1442,13,crash,CACTUS_LARGE,3,11,
v9-clean-landing,8,1996,13,crash,PTERODACTYL,1,0,
v9-clean-landing,9,1165,13,crash,CACTUS_LARGE,3,41,
v9-clean-landing,10,5833,13,crash,PTERODACTYL,1,0,
v9-clean-landing,11,13018,13,crash,CACTUS_LARGE,3,21,yes
v9-clean-landing,12,1108,13,crash,CACTUS_LARGE,3,21,
v9-clean-landing,13,2479,13,crash,PTERODACTYL,1,0,
v9-clean-landing,14,1038,13,crash,PTERODACTYL,1,0,
v9-clean-landing,15,7006,13,crash,PTERODACTYL,1,0,
v9-clean-landing,16,3563,13,crash,CACTUS_LARGE,3,36,
v9-clean-landing,17,18792,13,crash,CACTUS_LARGE,3,41,yes
v9-clean-landing,18,8723,13,crash,PTERODACTYL,1,0,
v9-clean-landing,19,3494,13,crash,CACTUS_LARGE,3,27,
v9-clean-landing,20,470,10.55,crash,CACTUS_LARGE,3,39,
v9-clean-landing,21,774,12.64,crash,PTERODACTYL,1,0,
v9-clean-landing,22,4398,13,crash,CACTUS_LARGE,3,23,
v9-clean-landing,23,3499,13,crash,CACTUS_LARGE,2,0,
v9-clean-landing,24,3950,13,crash,CACTUS_SMALL,3,36,
v9-clean-landing,25,1320,13,crash,PTERODACTYL,1,96,
v9-clean-landing,26,381,9.84,crash,PTERODACTYL,1,0,
v9-clean-landing,27,1435,13,crash,CACTUS_LARGE,3,40,
v9-clean-landing,28,2076,13,crash,CACTUS_LARGE,2,0,
v9-clean-landing,29,4417,13,crash,PTERODACTYL,1,0,
v9-clean-landing,30,5061,13,crash,CACTUS_LARGE,3,38,
v9-clean-landing,31,7302,13,crash,PTERODACTYL,1,0,
v9-clean-landing,32,4445,13,crash,PTERODACTYL,1,28,
v9-clean-landing,33,10210,13,crash,CACTUS_LARGE,3,0,
v9-clean-landing,34,907,13,crash,PTERODACTYL,1,0,
v9-clean-landing,35,4244,13,crash,CACTUS_LARGE,2,37,
v9-clean-landing,36,2713,13,crash,CACTUS_LARGE,2,41,
v9-clean-landing,37,4164,13,crash,CACTUS_LARGE,3,23,
v9-clean-landing,38,563,11.23,crash,CACTUS_LARGE,3,27,
v9-clean-landing,39,2383,13,crash,CACTUS_LARGE,3,40,
v9-clean-landing,40,918,13,crash,PTERODACTYL,1,33,
v10-fast-fall,1,1212,13,crash,CACTUS_LARGE,2,0,
v10-fast-fall,2,1001,13,crash,CACTUS_LARGE,3,40,
v10-fast-fall,3,11175,13,crash,CACTUS_LARGE,3,40,
v10-fast-fall,4,7609,13,crash,CACTUS_LARGE,3,21,
v10-fast-fall,5,2726,13,crash,CACTUS_LARGE,3,22,
v10-fast-fall,6,7392,13,crash,CACTUS_LARGE,3,26,
v10-fast-fall,7,3150,13,crash,CACTUS_LARGE,3,41,
v10-fast-fall,8,2912,13,crash,CACTUS_LARGE,3,34,
v10-fast-fall,9,5852,13,crash,CACTUS_LARGE,2,24,
v10-fast-fall,10,11275,13,crash,CACTUS_LARGE,3,35,
v10-fast-fall,11,4905,13,crash,CACTUS_LARGE,3,37,
v10-fast-fall,12,4734,13,crash,CACTUS_LARGE,3,35,
v10-fast-fall,13,10476,13,crash,CACTUS_LARGE,3,20,
v10-fast-fall,14,1514,13,crash,CACTUS_LARGE,3,36,
v10-fast-fall,15,2544,13,crash,CACTUS_LARGE,3,36,
v10-fast-fall,16,229,8.53,crash,CACTUS_LARGE,3,39,
v10-fast-fall,17,2254,13,crash,CACTUS_LARGE,3,38,
v10-fast-fall,18,6092,13,crash,CACTUS_SMALL,3,88,
v10-fast-fall,19,45,6.54,crash,CACTUS_SMALL,2,0,
v10-fast-fall,20,1196,13,crash,CACTUS_LARGE,3,11,
v10-fast-fall,21,245,8.67,crash,CACTUS_LARGE,3,9,
v10-fast-fall,22,4198,13,crash,CACTUS_LARGE,3,8,
v10-fast-fall,23,650,11.83,crash,PTERODACTYL,1,0,
v10-fast-fall,24,1663,13,crash,CACTUS_LARGE,3,25,
v10-fast-fall,25,1385,13,crash,CACTUS_LARGE,3,26,
v10-fast-fall,26,13567,13,crash,CACTUS_LARGE,3,35,
v10-fast-fall,27,1838,13,crash,CACTUS_LARGE,3,10,
v10-fast-fall,28,207,8.46,crash,CACTUS_LARGE,1,48,
v10-fast-fall,29,41,6.52,crash,CACTUS_SMALL,3,29,
v10-fast-fall,30,59,6.75,crash,CACTUS_LARGE,1,0,
v10-fast-fall,31,42,6.53,crash,CACTUS_SMALL,2,43,
v10-fast-fall,32,42,6.54,crash,CACTUS_SMALL,1,43,
v10-fast-fall,33,41,6.53,crash,CACTUS_LARGE,1,31,
v10-fast-fall,34,51,6.65,crash,CACTUS_LARGE,1,30,
v10-fast-fall,35,43,6.54,crash,CACTUS_LARGE,1,31,
v10-fast-fall,36,40,6.52,crash,CACTUS_SMALL,3,0,
v10-fast-fall,37,41,6.53,crash,CACTUS_LARGE,1,26,
v10-fast-fall,38,42,6.53,crash,CACTUS_LARGE,1,46,
v10-fast-fall,39,42,6.54,crash,CACTUS_LARGE,1,47,
v10-fast-fall,40,40,6.52,crash,CACTUS_SMALL,3,14,
